Message,Email,Phone,Country,Schedule On
Test Message 1,test1@gmail.com,9199911111,USA,13/05/20
Test Message 2,test2@yahoo.co.in,8544485444,INDIA,14/05/20
Test Message 3,test3@email.in,8787776666,USA,13/05/20
Test Message 1,test1@gmail.com,9199911111,USA,30/12/22
Test Message 2,test2@yahoo.co.in,8544485444,INDIA,30/12/22
Test Message 3,test3@email.in,8787776666,USA
Test Message 1,test1@gmail.com,9199911111,USA
Test Message 2,test2@yahoo.co.in,8544485444,INDIA
Test Message 3,test3@email.in,8787776666,USA
q,abc.com,8989898989,INDIA